ano;campo;registros;colunas;encoding;separador;nulos_campos_vazios;percentual_nulos;strings_apenas_espacos;espacos_nas_bordas;distintos_textuais;dtype_leitura;negativos;zeros;positivos;numeros_invalidos;padrao_numerico;tipo_inferido;tipo_diferente_ano_anterior;datas_validas;datas_invalidas;data_minima;data_maxima
2020;ano_compra;84819;25;utf-8;";";0;0.0;0;0;1;string[pyarrow];0.0;0.0;84819.0;0.0;"Inteiro, ponto decimal ou notação científica; sem correção.";inteiro;False;;;;
2020;nome_instituicao;84819;25;utf-8;";";0;0.0;0;0;383;string[pyarrow];;;;;;texto;False;;;;
2020;esfera;84819;25;utf-8;";";0;0.0;0;0;3;string[pyarrow];;;;;;misto (numero/texto);False;;;;
2020;cnpj_instituicao;84819;25;utf-8;";";0;0.0;0;0;482;string[pyarrow];;;;;;texto;False;;;;
2020;municipio_instituicao;84819;25;utf-8;";";0;0.0;0;0;454;string[pyarrow];;;;;;texto;False;;;;
2020;uf;84819;25;utf-8;";";0;0.0;0;0;22;string[pyarrow];;;;;;texto;False;;;;
2020;compra;84819;25;utf-8;";";0;0.0;0;0;312;string[pyarrow];;;;;;data;False;84819.0;0.0;2020-01-01;2020-12-31
2020;insercao;84819;25;utf-8;";";0;0.0;0;0;660;string[pyarrow];;;;;;data;False;84819.0;0.0;2020-01-02;2025-10-04
2020;codigo_br;84819;25;utf-8;";";0;0.0;0;0;7350;string[pyarrow];;;;;;inteiro;False;;;;
2020;descricao_catmat;84819;25;utf-8;";";0;0.0;0;0;7350;string[pyarrow];;;;;;texto;False;;;;
2020;unidade_fornecimento;84819;25;utf-8;";";6;0.007074;0;0;41;string[pyarrow];;;;;;texto;False;;;;
2020;generico;84819;25;utf-8;";";47684;56.218536;0;0;3;string[pyarrow];;;;;;texto;False;;;;
2020;anvisa;84819;25;utf-8;";";47684;56.218536;0;0;5612;string[pyarrow];;;;;;inteiro;False;;;;
2020;modalidade_compra;84819;25;utf-8;";";0;0.0;0;0;9;string[pyarrow];;;;;;texto;False;;;;
2020;tipo_compra;84819;25;utf-8;";";0;0.0;0;0;1;string[pyarrow];;;;;;texto;False;;;;
2020;capacidade;84819;25;utf-8;";";53437;63.001214;0;0;92;string[pyarrow];0.0;0.0;31382.0;0.0;"Inteiro, ponto decimal ou notação científica; sem correção.";decimal;False;;;;
2020;unidade_medida;84819;25;utf-8;";";53437;63.001214;0;0;13;string[pyarrow];;;;;;texto;False;;;;
2020;unidade_fornecimento_capacidade;84819;25;utf-8;";";6;0.007074;0;0;257;string[pyarrow];;;;;;texto;False;;;;
2020;cnpj_fornecedor;84819;25;utf-8;";";0;0.0;0;0;1543;string[pyarrow];;;;;;texto;False;;;;
2020;fornecedor;84819;25;utf-8;";";0;0.0;0;0;1478;string[pyarrow];;;;;;texto;False;;;;
2020;cnpj_fabricante;84819;25;utf-8;";";0;0.0;0;0;1493;string[pyarrow];;;;;;texto;False;;;;
2020;fabricante;84819;25;utf-8;";";0;0.0;0;0;1367;string[pyarrow];;;;;;texto;False;;;;
2020;qtd_itens_comprados;84819;25;utf-8;";";0;0.0;0;0;5406;string[pyarrow];0.0;0.0;84819.0;0.0;"Inteiro, ponto decimal ou notação científica; sem correção.";inteiro;False;;;;
2020;preco_unitario;84819;25;utf-8;";";0;0.0;0;0;12588;string[pyarrow];0.0;0.0;84819.0;0.0;"Inteiro, ponto decimal ou notação científica; sem correção.";decimal;False;;;;
2020;preco_total;84819;25;utf-8;";";0;0.0;0;0;26989;string[pyarrow];0.0;0.0;84819.0;0.0;"Inteiro, ponto decimal ou notação científica; sem correção.";decimal;False;;;;
2021;ano_compra;83622;25;utf-8;";";0;0.0;0;0;1;string[pyarrow];0.0;0.0;83622.0;0.0;"Inteiro, ponto decimal ou notação científica; sem correção.";inteiro;False;;;;
2021;nome_instituicao;83622;25;utf-8;";";8;0.009567;0;0;379;string[pyarrow];;;;;;texto;False;;;;
2021;esfera;83622;25;utf-8;";";0;0.0;0;0;3;string[pyarrow];;;;;;texto;True;;;;
2021;cnpj_instituicao;83622;25;utf-8;";";0;0.0;0;0;475;string[pyarrow];;;;;;texto;False;;;;
2021;municipio_instituicao;83622;25;utf-8;";";0;0.0;0;0;442;string[pyarrow];;;;;;texto;False;;;;
2021;uf;83622;25;utf-8;";";0;0.0;0;0;22;string[pyarrow];;;;;;texto;False;;;;
2021;compra;83622;25;utf-8;";";0;0.0;0;0;324;string[pyarrow];;;;;;data;False;83622.0;0.0;2021-01-01;2021-12-31
2021;insercao;83622;25;utf-8;";";0;0.0;0;0;662;string[pyarrow];;;;;;data;False;83622.0;0.0;2021-01-08;2026-03-04
2021;codigo_br;83622;25;utf-8;";";0;0.0;0;0;7460;string[pyarrow];;;;;;inteiro;False;;;;
2021;descricao_catmat;83622;25;utf-8;";";0;0.0;0;0;7460;string[pyarrow];;;;;;texto;False;;;;
2021;unidade_fornecimento;83622;25;utf-8;";";4;0.004783;0;0;41;string[pyarrow];;;;;;texto;False;;;;
2021;generico;83622;25;utf-8;";";45199;54.051565;0;0;3;string[pyarrow];;;;;;texto;False;;;;
2021;anvisa;83622;25;utf-8;";";45199;54.051565;0;0;6444;string[pyarrow];;;;;;inteiro;False;;;;
2021;modalidade_compra;83622;25;utf-8;";";0;0.0;0;0;8;string[pyarrow];;;;;;texto;False;;;;
2021;tipo_compra;83622;25;utf-8;";";0;0.0;0;0;2;string[pyarrow];;;;;;texto;False;;;;
2021;capacidade;83622;25;utf-8;";";53401;63.859989;0;0;94;string[pyarrow];0.0;0.0;30221.0;0.0;"Inteiro, ponto decimal ou notação científica; sem correção.";decimal;False;;;;
2021;unidade_medida;83622;25;utf-8;";";53401;63.859989;0;0;14;string[pyarrow];;;;;;texto;False;;;;
2021;unidade_fornecimento_capacidade;83622;25;utf-8;";";4;0.004783;0;0;265;string[pyarrow];;;;;;texto;False;;;;
2021;cnpj_fornecedor;83622;25;utf-8;";";0;0.0;0;0;1623;string[pyarrow];;;;;;texto;False;;;;
2021;fornecedor;83622;25;utf-8;";";0;0.0;0;0;1528;string[pyarrow];;;;;;texto;False;;;;
2021;cnpj_fabricante;83622;25;utf-8;";";0;0.0;0;0;1500;string[pyarrow];;;;;;texto;False;;;;
2021;fabricante;83622;25;utf-8;";";0;0.0;0;0;1362;string[pyarrow];;;;;;texto;False;;;;
2021;qtd_itens_comprados;83622;25;utf-8;";";0;0.0;0;0;6314;string[pyarrow];0.0;0.0;83622.0;0.0;"Inteiro, ponto decimal ou notação científica; sem correção.";inteiro;False;;;;
2021;preco_unitario;83622;25;utf-8;";";0;0.0;0;0;12758;string[pyarrow];0.0;0.0;83622.0;0.0;"Inteiro, ponto decimal ou notação científica; sem correção.";decimal;False;;;;
2021;preco_total;83622;25;utf-8;";";0;0.0;0;0;28176;string[pyarrow];0.0;0.0;83622.0;0.0;"Inteiro, ponto decimal ou notação científica; sem correção.";decimal;False;;;;
2022;ano_compra;88991;25;utf-8;";";0;0.0;0;0;1;string[pyarrow];0.0;0.0;88991.0;0.0;"Inteiro, ponto decimal ou notação científica; sem correção.";inteiro;False;;;;
2022;nome_instituicao;88991;25;utf-8;";";0;0.0;0;0;333;string[pyarrow];;;;;;texto;False;;;;
2022;esfera;88991;25;utf-8;";";0;0.0;0;0;3;string[pyarrow];;;;;;texto;False;;;;
2022;cnpj_instituicao;88991;25;utf-8;";";0;0.0;0;0;416;string[pyarrow];;;;;;texto;False;;;;
2022;municipio_instituicao;88991;25;utf-8;";";0;0.0;0;0;387;string[pyarrow];;;;;;texto;False;;;;
2022;uf;88991;25;utf-8;";";0;0.0;0;0;22;string[pyarrow];;;;;;texto;False;;;;
2022;compra;88991;25;utf-8;";";0;0.0;0;0;329;string[pyarrow];;;;;;data;False;88991.0;0.0;2022-01-01;2022-12-30
2022;insercao;88991;25;utf-8;";";120;0.134845;0;0;624;string[pyarrow];;;;;;data;False;88871.0;0.0;2022-01-03;2026-02-24
2022;codigo_br;88991;25;utf-8;";";0;0.0;0;0;8449;string[pyarrow];;;;;;inteiro;False;;;;
2022;descricao_catmat;88991;25;utf-8;";";0;0.0;0;0;8449;string[pyarrow];;;;;;texto;False;;;;
2022;unidade_fornecimento;88991;25;utf-8;";";4;0.004495;0;0;43;string[pyarrow];;;;;;texto;False;;;;
2022;generico;88991;25;utf-8;";";49013;55.076356;0;0;3;string[pyarrow];;;;;;texto;False;;;;
2022;anvisa;88991;25;utf-8;";";49013;55.076356;0;0;7290;string[pyarrow];;;;;;inteiro;False;;;;
2022;modalidade_compra;88991;25;utf-8;";";0;0.0;0;0;8;string[pyarrow];;;;;;texto;False;;;;
2022;tipo_compra;88991;25;utf-8;";";0;0.0;0;0;2;string[pyarrow];;;;;;texto;False;;;;
2022;capacidade;88991;25;utf-8;";";57645;64.776213;0;0;102;string[pyarrow];0.0;0.0;31346.0;0.0;"Inteiro, ponto decimal ou notação científica; sem correção.";decimal;False;;;;
2022;unidade_medida;88991;25;utf-8;";";57645;64.776213;0;0;13;string[pyarrow];;;;;;texto;False;;;;
2022;unidade_fornecimento_capacidade;88991;25;utf-8;";";4;0.004495;0;0;286;string[pyarrow];;;;;;texto;False;;;;
2022;cnpj_fornecedor;88991;25;utf-8;";";0;0.0;0;0;1760;string[pyarrow];;;;;;texto;False;;;;
2022;fornecedor;88991;25;utf-8;";";0;0.0;0;0;1661;string[pyarrow];;;;;;texto;False;;;;
2022;cnpj_fabricante;88991;25;utf-8;";";0;0.0;0;0;1338;string[pyarrow];;;;;;texto;False;;;;
2022;fabricante;88991;25;utf-8;";";0;0.0;0;0;1221;string[pyarrow];;;;;;texto;False;;;;
2022;qtd_itens_comprados;88991;25;utf-8;";";0;0.0;0;0;8064;string[pyarrow];0.0;0.0;88991.0;0.0;"Inteiro, ponto decimal ou notação científica; sem correção.";inteiro;False;;;;
2022;preco_unitario;88991;25;utf-8;";";0;0.0;0;0;13667;string[pyarrow];0.0;0.0;88991.0;0.0;"Inteiro, ponto decimal ou notação científica; sem correção.";decimal;False;;;;
2022;preco_total;88991;25;utf-8;";";0;0.0;0;0;31781;string[pyarrow];0.0;0.0;88991.0;0.0;"Inteiro, ponto decimal ou notação científica; sem correção.";decimal;False;;;;
2023;ano_compra;31992;25;utf-8;";";0;0.0;0;0;1;string[pyarrow];0.0;0.0;31992.0;0.0;"Inteiro, ponto decimal ou notação científica; sem correção.";inteiro;False;;;;
2023;nome_instituicao;31992;25;utf-8;";";13;0.040635;0;0;215;string[pyarrow];;;;;;texto;False;;;;
2023;esfera;31992;25;utf-8;";";0;0.0;0;0;2;string[pyarrow];;;;;;texto;False;;;;
2023;cnpj_instituicao;31992;25;utf-8;";";0;0.0;0;0;272;string[pyarrow];;;;;;texto;False;;;;
2023;municipio_instituicao;31992;25;utf-8;";";0;0.0;0;0;254;string[pyarrow];;;;;;texto;False;;;;
2023;uf;31992;25;utf-8;";";0;0.0;0;0;19;string[pyarrow];;;;;;texto;False;;;;
2023;compra;31992;25;utf-8;";";0;0.0;0;0;255;string[pyarrow];;;;;;data;False;31992.0;0.0;2023-01-01;2023-12-30
2023;insercao;31992;25;utf-8;";";716;2.23806;0;0;502;string[pyarrow];;;;;;data;False;31276.0;0.0;2022-01-03;2026-03-13
2023;codigo_br;31992;25;utf-8;";";0;0.0;0;0;5108;string[pyarrow];;;;;;inteiro;False;;;;
2023;descricao_catmat;31992;25;utf-8;";";0;0.0;0;0;5108;string[pyarrow];;;;;;texto;False;;;;
2023;unidade_fornecimento;31992;25;utf-8;";";0;0.0;0;0;40;string[pyarrow];;;;;;texto;False;;;;
2023;generico;31992;25;utf-8;";";14587;45.595774;0;0;3;string[pyarrow];;;;;;texto;False;;;;
2023;anvisa;31992;25;utf-8;";";14587;45.595774;0;0;5474;string[pyarrow];;;;;;inteiro;False;;;;
2023;modalidade_compra;31992;25;utf-8;";";0;0.0;0;0;7;string[pyarrow];;;;;;texto;False;;;;
2023;tipo_compra;31992;25;utf-8;";";0;0.0;0;0;2;string[pyarrow];;;;;;texto;False;;;;
2023;capacidade;31992;25;utf-8;";";19821;61.956114;0;0;94;string[pyarrow];0.0;0.0;12171.0;0.0;"Inteiro, ponto decimal ou notação científica; sem correção.";decimal;False;;;;
2023;unidade_medida;31992;25;utf-8;";";19821;61.956114;0;0;10;string[pyarrow];;;;;;texto;False;;;;
2023;unidade_fornecimento_capacidade;31992;25;utf-8;";";0;0.0;0;0;256;string[pyarrow];;;;;;texto;False;;;;
2023;cnpj_fornecedor;31992;25;utf-8;";";0;0.0;0;0;1102;string[pyarrow];;;;;;texto;False;;;;
2023;fornecedor;31992;25;utf-8;";";0;0.0;0;0;1032;string[pyarrow];;;;;;texto;False;;;;
2023;cnpj_fabricante;31992;25;utf-8;";";0;0.0;0;0;936;string[pyarrow];;;;;;texto;False;;;;
2023;fabricante;31992;25;utf-8;";";0;0.0;0;0;850;string[pyarrow];;;;;;texto;False;;;;
2023;qtd_itens_comprados;31992;25;utf-8;";";0;0.0;0;0;4674;string[pyarrow];0.0;0.0;31992.0;0.0;"Inteiro, ponto decimal ou notação científica; sem correção.";inteiro;False;;;;
2023;preco_unitario;31992;25;utf-8;";";0;0.0;0;0;7119;string[pyarrow];0.0;0.0;31992.0;0.0;"Inteiro, ponto decimal ou notação científica; sem correção.";decimal;False;;;;
2023;preco_total;31992;25;utf-8;";";0;0.0;0;0;15417;string[pyarrow];0.0;0.0;31992.0;0.0;"Inteiro, ponto decimal ou notação científica; sem correção.";decimal;False;;;;
2024;ano_compra;26258;25;utf-8;";";0;0.0;0;0;1;string[pyarrow];0.0;0.0;26258.0;0.0;"Inteiro, ponto decimal ou notação científica; sem correção.";inteiro;False;;;;
2024;nome_instituicao;26258;25;utf-8;";";77;0.293244;0;0;178;string[pyarrow];;;;;;texto;False;;;;
2024;esfera;26258;25;utf-8;";";0;0.0;0;0;2;string[pyarrow];;;;;;texto;False;;;;
2024;cnpj_instituicao;26258;25;utf-8;";";0;0.0;0;0;230;string[pyarrow];;;;;;texto;False;;;;
2024;municipio_instituicao;26258;25;utf-8;";";0;0.0;0;0;221;string[pyarrow];;;;;;texto;False;;;;
2024;uf;26258;25;utf-8;";";0;0.0;0;0;19;string[pyarrow];;;;;;texto;False;;;;
2024;compra;26258;25;utf-8;";";0;0.0;0;0;309;string[pyarrow];;;;;;data;False;26258.0;0.0;2024-01-01;2024-12-30
2024;insercao;26258;25;utf-8;";";1292;4.920405;0;0;384;string[pyarrow];;;;;;data;False;24966.0;0.0;2021-01-04;2026-03-13
2024;codigo_br;26258;25;utf-8;";";0;0.0;0;0;4219;string[pyarrow];;;;;;inteiro;False;;;;
2024;descricao_catmat;26258;25;utf-8;";";0;0.0;0;0;4219;string[pyarrow];;;;;;texto;False;;;;
2024;unidade_fornecimento;26258;25;utf-8;";";3;0.011425;0;0;40;string[pyarrow];;;;;;texto;False;;;;
2024;generico;26258;25;utf-8;";";8674;33.033742;0;0;3;string[pyarrow];;;;;;texto;False;;;;
2024;anvisa;26258;25;utf-8;";";8674;33.033742;0;0;5025;string[pyarrow];;;;;;inteiro;False;;;;
2024;modalidade_compra;26258;25;utf-8;";";0;0.0;0;0;7;string[pyarrow];;;;;;texto;False;;;;
2024;tipo_compra;26258;25;utf-8;";";0;0.0;0;0;2;string[pyarrow];;;;;;texto;False;;;;
2024;capacidade;26258;25;utf-8;";";16708;63.630132;0;0;93;string[pyarrow];0.0;0.0;9550.0;0.0;"Inteiro, ponto decimal ou notação científica; sem correção.";decimal;False;;;;
2024;unidade_medida;26258;25;utf-8;";";16708;63.630132;0;0;12;string[pyarrow];;;;;;texto;False;;;;
2024;unidade_fornecimento_capacidade;26258;25;utf-8;";";3;0.011425;0;0;257;string[pyarrow];;;;;;texto;False;;;;
2024;cnpj_fornecedor;26258;25;utf-8;";";0;0.0;0;0;1068;string[pyarrow];;;;;;texto;False;;;;
2024;fornecedor;26258;25;utf-8;";";0;0.0;0;0;983;string[pyarrow];;;;;;texto;False;;;;
2024;cnpj_fabricante;26258;25;utf-8;";";0;0.0;0;0;757;string[pyarrow];;;;;;texto;False;;;;
2024;fabricante;26258;25;utf-8;";";0;0.0;0;0;701;string[pyarrow];;;;;;texto;False;;;;
2024;qtd_itens_comprados;26258;25;utf-8;";";0;0.0;0;0;4137;string[pyarrow];0.0;0.0;26258.0;0.0;"Inteiro, ponto decimal ou notação científica; sem correção.";inteiro;False;;;;
2024;preco_unitario;26258;25;utf-8;";";0;0.0;0;0;6580;string[pyarrow];0.0;0.0;26258.0;0.0;"Inteiro, ponto decimal ou notação científica; sem correção.";decimal;False;;;;
2024;preco_total;26258;25;utf-8;";";0;0.0;0;0;13855;string[pyarrow];0.0;0.0;26258.0;0.0;"Inteiro, ponto decimal ou notação científica; sem correção.";decimal;False;;;;
2025;ano_compra;26215;25;utf-8;";";0;0.0;0;0;1;string[pyarrow];0.0;0.0;26215.0;0.0;"Inteiro, ponto decimal ou notação científica; sem correção.";inteiro;False;;;;
2025;nome_instituicao;26215;25;utf-8;";";59;0.225062;0;0;139;string[pyarrow];;;;;;texto;False;;;;
2025;esfera;26215;25;utf-8;";";0;0.0;0;0;2;string[pyarrow];;;;;;texto;False;;;;
2025;cnpj_instituicao;26215;25;utf-8;";";0;0.0;0;0;174;string[pyarrow];;;;;;texto;False;;;;
2025;municipio_instituicao;26215;25;utf-8;";";0;0.0;0;0;167;string[pyarrow];;;;;;texto;False;;;;
2025;uf;26215;25;utf-8;";";0;0.0;0;0;20;string[pyarrow];;;;;;texto;False;;;;
2025;compra;26215;25;utf-8;";";0;0.0;0;0;328;string[pyarrow];;;;;;data;False;26215.0;0.0;2025-01-01;2025-12-30
2025;insercao;26215;25;utf-8;";";0;0.0;0;0;246;string[pyarrow];;;;;;data;False;26215.0;0.0;2025-03-14;2026-03-13
2025;codigo_br;26215;25;utf-8;";";0;0.0;0;0;4470;string[pyarrow];;;;;;inteiro;False;;;;
2025;descricao_catmat;26215;25;utf-8;";";0;0.0;0;0;4469;string[pyarrow];;;;;;texto;False;;;;
2025;unidade_fornecimento;26215;25;utf-8;";";8;0.030517;0;0;39;string[pyarrow];;;;;;texto;False;;;;
2025;generico;26215;25;utf-8;";";6712;25.603662;0;0;3;string[pyarrow];;;;;;texto;False;;;;
2025;anvisa;26215;25;utf-8;";";6712;25.603662;0;0;5390;string[pyarrow];;;;;;inteiro;False;;;;
2025;modalidade_compra;26215;25;utf-8;";";0;0.0;0;0;5;string[pyarrow];;;;;;texto;False;;;;
2025;tipo_compra;26215;25;utf-8;";";0;0.0;0;0;2;string[pyarrow];;;;;;texto;False;;;;
2025;capacidade;26215;25;utf-8;";";16539;63.089834;0;0;91;string[pyarrow];0.0;0.0;9676.0;0.0;"Inteiro, ponto decimal ou notação científica; sem correção.";decimal;False;;;;
2025;unidade_medida;26215;25;utf-8;";";16539;63.089834;0;0;12;string[pyarrow];;;;;;texto;False;;;;
2025;unidade_fornecimento_capacidade;26215;25;utf-8;";";8;0.030517;0;0;251;string[pyarrow];;;;;;texto;False;;;;
2025;cnpj_fornecedor;26215;25;utf-8;";";0;0.0;0;0;1083;string[pyarrow];;;;;;texto;False;;;;
2025;fornecedor;26215;25;utf-8;";";0;0.0;0;0;983;string[pyarrow];;;;;;texto;False;;;;
2025;cnpj_fabricante;26215;25;utf-8;";";0;0.0;0;0;751;string[pyarrow];;;;;;texto;False;;;;
2025;fabricante;26215;25;utf-8;";";0;0.0;0;0;696;string[pyarrow];;;;;;texto;False;;;;
2025;qtd_itens_comprados;26215;25;utf-8;";";0;0.0;0;0;4392;string[pyarrow];0.0;0.0;26215.0;0.0;"Inteiro, ponto decimal ou notação científica; sem correção.";inteiro;False;;;;
2025;preco_unitario;26215;25;utf-8;";";0;0.0;0;0;6638;string[pyarrow];0.0;0.0;26215.0;0.0;"Inteiro, ponto decimal ou notação científica; sem correção.";decimal;False;;;;
2025;preco_total;26215;25;utf-8;";";0;0.0;0;0;14350;string[pyarrow];0.0;0.0;26215.0;0.0;"Inteiro, ponto decimal ou notação científica; sem correção.";decimal;False;;;;
2026;ano_compra;819;25;utf-8;";";0;0.0;0;0;1;string[pyarrow];0.0;0.0;819.0;0.0;"Inteiro, ponto decimal ou notação científica; sem correção.";inteiro;False;;;;
2026;nome_instituicao;819;25;utf-8;";";0;0.0;0;0;15;string[pyarrow];;;;;;texto;False;;;;
2026;esfera;819;25;utf-8;";";0;0.0;0;0;2;string[pyarrow];;;;;;texto;False;;;;
2026;cnpj_instituicao;819;25;utf-8;";";0;0.0;0;0;17;string[pyarrow];;;;;;texto;False;;;;
2026;municipio_instituicao;819;25;utf-8;";";0;0.0;0;0;16;string[pyarrow];;;;;;texto;False;;;;
2026;uf;819;25;utf-8;";";0;0.0;0;0;11;string[pyarrow];;;;;;texto;False;;;;
2026;compra;819;25;utf-8;";";0;0.0;0;0;30;string[pyarrow];;;;;;data;False;819.0;0.0;2026-01-06;2026-03-05
2026;insercao;819;25;utf-8;";";0;0.0;0;0;26;string[pyarrow];;;;;;data;False;819.0;0.0;2026-01-21;2026-03-13
2026;codigo_br;819;25;utf-8;";";0;0.0;0;0;591;string[pyarrow];;;;;;inteiro;False;;;;
2026;descricao_catmat;819;25;utf-8;";";0;0.0;0;0;591;string[pyarrow];;;;;;texto;False;;;;
2026;unidade_fornecimento;819;25;utf-8;";";0;0.0;0;0;22;string[pyarrow];;;;;;texto;False;;;;
2026;generico;819;25;utf-8;";";168;20.512821;0;0;3;string[pyarrow];;;;;;texto;False;;;;
2026;anvisa;819;25;utf-8;";";168;20.512821;0;0;574;string[pyarrow];;;;;;inteiro;False;;;;
2026;modalidade_compra;819;25;utf-8;";";0;0.0;0;0;3;string[pyarrow];;;;;;texto;False;;;;
2026;tipo_compra;819;25;utf-8;";";0;0.0;0;0;2;string[pyarrow];;;;;;texto;False;;;;
2026;capacidade;819;25;utf-8;";";484;59.096459;0;0;37;string[pyarrow];0.0;0.0;335.0;0.0;"Inteiro, ponto decimal ou notação científica; sem correção.";decimal;False;;;;
2026;unidade_medida;819;25;utf-8;";";484;59.096459;0;0;6;string[pyarrow];;;;;;texto;False;;;;
2026;unidade_fornecimento_capacidade;819;25;utf-8;";";0;0.0;0;0;70;string[pyarrow];;;;;;texto;False;;;;
2026;cnpj_fornecedor;819;25;utf-8;";";0;0.0;0;0;137;string[pyarrow];;;;;;texto;False;;;;
2026;fornecedor;819;25;utf-8;";";0;0.0;0;0;126;string[pyarrow];;;;;;texto;False;;;;
2026;cnpj_fabricante;819;25;utf-8;";";0;0.0;0;0;144;string[pyarrow];;;;;;texto;False;;;;
2026;fabricante;819;25;utf-8;";";0;0.0;0;0;139;string[pyarrow];;;;;;texto;False;;;;
2026;qtd_itens_comprados;819;25;utf-8;";";0;0.0;0;0;331;string[pyarrow];0.0;0.0;819.0;0.0;"Inteiro, ponto decimal ou notação científica; sem correção.";inteiro;False;;;;
2026;preco_unitario;819;25;utf-8;";";0;0.0;0;0;516;string[pyarrow];0.0;0.0;819.0;0.0;"Inteiro, ponto decimal ou notação científica; sem correção.";decimal;False;;;;
2026;preco_total;819;25;utf-8;";";0;0.0;0;0;711;string[pyarrow];0.0;0.0;819.0;0.0;"Inteiro, ponto decimal ou notação científica; sem correção.";decimal;False;;;;
