nome_coluna,descricao_oficial,tipo_semantico,uso_potencial_no_dashboard,observacoes,rotulo_fonte_oficial,fonte_oficial,referencia,status_mapeamento,data_consulta,natureza_descricao
ano_compra,Ano da aquisição.,Temporal: ano,Filtro anual.,"Ano observado em 2026: 2026 em 819 registros. Não é data completa nem data de publicação. O PDF de metadados de 07/04/2026 declara cobertura geral no segundo semestre de 2025, embora liste planilhas até 2026; esse metadado geral não define a cobertura do CSV local de 2026.",Ano Compra,https://s3.sa-east-1.amazonaws.com/ckan.saude.gov.br/BPS/Metadados_BPS_07_04_2026.pdf,p. 1,Correspondência direta,2026-09-07,Síntese das fontes oficiais; lacunas e associações não confirmadas sinalizadas. Tipos semânticos e usos no dashboard são propostas analíticas.
nome_instituicao,Entidade adquirente.,Categórico: nome institucional,Identificação e filtro de compradores.,Nome descritivo; avaliar identificação pelo CNPJ antes de agregações.,Nome Instituição,https://s3.sa-east-1.amazonaws.com/ckan.saude.gov.br/BPS/Metadados_BPS_07_04_2026.pdf,p. 1,Correspondência direta,2026-09-07,Síntese das fontes oficiais; lacunas e associações não confirmadas sinalizadas. Tipos semânticos e usos no dashboard são propostas analíticas.
esfera,Nível governamental do comprador.,Categórico nominal,Comparação entre esferas governamentais.,"Ausente no dicionário dos CSVs; descrito no painel. O domínio documentado não explica o literal 0. Contagens exatas por ano: {""2020"":{""0"":43,""MUNICIPAL"":81535,""ESTADUAL"":3241},""2021"":{""MUNICIPAL"":79684,""ESTADUAL"":3820,""FEDERAL"":118},""2022"":{""MUNICIPAL"":82219,""ESTADUAL"":6768,""FEDERAL"":4},""2023"":{""MUNICIPAL"":29020,""ESTADUAL"":2972},""2024"":{""MUNICIPAL"":23501,""ESTADUAL"":2757},""2025"":{""MUNICIPAL"":21804,""ESTADUAL"":4411},""2026"":{""MUNICIPAL"":606,""ESTADUAL"":213}}. Zero ocorrências vazias em todos os anos. Nenhum valor foi corrigido.",Esfera,https://www.gov.br/saude/pt-br/acesso-a-informacao/banco-de-precos/publicacoes/dicionario-de-dados-painel-de-precos/@@download/file,"Painel, p. 8",Complementação pelo dicionário do painel,2026-09-07,Síntese das fontes oficiais; lacunas e associações não confirmadas sinalizadas. Tipos semânticos e usos no dashboard são propostas analíticas.
cnpj_instituicao,Identificação fiscal do comprador.,Identificador textual: CNPJ,Filtro e identificação institucional.,"Identificador, não medida somável. Preservar pontuação e zeros.",CNPJ Instituição,https://s3.sa-east-1.amazonaws.com/ckan.saude.gov.br/BPS/Metadados_BPS_07_04_2026.pdf,p. 1,Correspondência direta,2026-09-07,Síntese das fontes oficiais; lacunas e associações não confirmadas sinalizadas. Tipos semânticos e usos no dashboard são propostas analíticas.
municipio_instituicao,Município do comprador.,Categórico geográfico,Distribuição municipal das aquisições.,Interpretar em conjunto com UF; não confundir com localização do fornecedor.,Município Instituição,https://s3.sa-east-1.amazonaws.com/ckan.saude.gov.br/BPS/Metadados_BPS_07_04_2026.pdf,p. 1,Correspondência direta,2026-09-07,Síntese das fontes oficiais; lacunas e associações não confirmadas sinalizadas. Tipos semânticos e usos no dashboard são propostas analíticas.
uf,Estado ou Distrito Federal do comprador.,Categórico geográfico,Filtros e mapas por UF.,Unidade geográfica da instituição adquirente.,UF,https://s3.sa-east-1.amazonaws.com/ckan.saude.gov.br/BPS/Metadados_BPS_07_04_2026.pdf | https://www.gov.br/saude/pt-br/acesso-a-informacao/banco-de-precos/publicacoes/dicionario-de-dados-painel-de-precos/@@download/file,"p. 1; Painel, p. 6",Correspondência direta,2026-09-07,Síntese das fontes oficiais; lacunas e associações não confirmadas sinalizadas. Tipos semânticos e usos no dashboard são propostas analíticas.
compra,Data da aquisição declarada ao BPS.,Temporal: data,Evolução das aquisições no tempo.,"Não é data de inserção nem de disponibilização. O glossário admite documentos fiscais, licitação ou homologação como referência; não presumir homologação para todos os registros. O dicionário do painel usa Data de homologação, mas não estabelece equivalência universal com este CSV. Em 2026: 06/01/2026 a 05/03/2026.",Compra,https://s3.sa-east-1.amazonaws.com/ckan.saude.gov.br/BPS/Metadados_BPS_07_04_2026.pdf | https://bvsms.saude.gov.br/bvs/publicacoes/glossario_tematico_banco_preco_saude.pdf | https://www.gov.br/saude/pt-br/acesso-a-informacao/banco-de-precos/publicacoes/dicionario-de-dados-painel-de-precos/@@download/file,p. 1; Glossário: Data da compra,Correspondência direta no dicionário dos CSVs,2026-09-07,Síntese das fontes oficiais; lacunas e associações não confirmadas sinalizadas. Tipos semânticos e usos no dashboard são propostas analíticas.
insercao,Dia do lançamento das informações no BPS.,Temporal: data,Avaliação de defasagem entre aquisição e registro.,Registro feito pela instituição no sistema. Não é publicação do ZIP. Em 2026: 21/01/2026 a 13/03/2026. Nenhuma inserção em agosto.,Inserção,https://s3.sa-east-1.amazonaws.com/ckan.saude.gov.br/BPS/Metadados_BPS_07_04_2026.pdf | https://www.gov.br/saude/pt-br/acesso-a-informacao/banco-de-precos/publicacoes/dicionario-de-dados-painel-de-precos/@@download/file,"p. 1; Painel, p. 9",Correspondência direta,2026-09-07,Síntese das fontes oficiais; lacunas e associações não confirmadas sinalizadas. Tipos semânticos e usos no dashboard são propostas analíticas.
codigo_br,Identificador CATMAT do material.,Identificador textual: material,Seleção e comparação de itens equivalentes.,"Mesmo com aparência inteira, usar como código; não como medida somável.",Código BR (Também conhecido como CATMAT),https://s3.sa-east-1.amazonaws.com/ckan.saude.gov.br/BPS/Metadados_BPS_07_04_2026.pdf | https://www.gov.br/saude/pt-br/acesso-a-informacao/banco-de-precos/publicacoes/dicionario-de-dados-painel-de-precos/@@download/file,"p. 1; Painel, p. 3",Correspondência direta,2026-09-07,Síntese das fontes oficiais; lacunas e associações não confirmadas sinalizadas. Tipos semânticos e usos no dashboard são propostas analíticas.
descricao_catmat,Especificação catalogada do material.,Texto descritivo,Rótulo e pesquisa dos produtos.,Descritivo original preservado; avaliar comparabilidade com unidade e capacidade.,Descrição CATMAT,https://s3.sa-east-1.amazonaws.com/ckan.saude.gov.br/BPS/Metadados_BPS_07_04_2026.pdf | https://www.gov.br/saude/pt-br/acesso-a-informacao/banco-de-precos/publicacoes/dicionario-de-dados-painel-de-precos/@@download/file,"p. 1; Painel, p. 4",Correspondência direta,2026-09-07,Síntese das fontes oficiais; lacunas e associações não confirmadas sinalizadas. Tipos semânticos e usos no dashboard são propostas analíticas.
unidade_fornecimento,Apresentação comercial usada na precificação.,Categórico: apresentação,Comparações de preços por apresentação.,O documento dos CSVs repete esse rótulo na p. 2 para uma descrição de unidade da capacidade; não fundir os conceitos.,Unidade de Fornecimento,https://s3.sa-east-1.amazonaws.com/ckan.saude.gov.br/BPS/Metadados_BPS_07_04_2026.pdf | https://www.gov.br/saude/pt-br/acesso-a-informacao/banco-de-precos/publicacoes/dicionario-de-dados-painel-de-precos/@@download/file,"p. 1; Painel, p. 4",Correspondência direta à primeira ocorrência do rótulo,2026-09-07,Síntese das fontes oficiais; lacunas e associações não confirmadas sinalizadas. Tipos semânticos e usos no dashboard são propostas analíticas.
generico,Indicador de medicamento genérico.,Categórico: indicador,Segmentação por condição de genérico.,Não interpretar campos vazios como resposta negativa sem regra documentada.,Genérico,https://s3.sa-east-1.amazonaws.com/ckan.saude.gov.br/BPS/Metadados_BPS_07_04_2026.pdf,p. 1,Correspondência direta,2026-09-07,Síntese das fontes oficiais; lacunas e associações não confirmadas sinalizadas. Tipos semânticos e usos no dashboard são propostas analíticas.
anvisa,"Registro sanitário, denominado código CMED no documento.",Identificador textual: registro sanitário,Filtro de registro e futura ligação a referência regulatória.,Não é preço CMED. Confirmar formato e granularidade antes de relacionar fontes; não converter em medida numérica.,Anvisa,https://s3.sa-east-1.amazonaws.com/ckan.saude.gov.br/BPS/Metadados_BPS_07_04_2026.pdf,p. 2,Correspondência direta,2026-09-07,Síntese das fontes oficiais; lacunas e associações não confirmadas sinalizadas. Tipos semânticos e usos no dashboard são propostas analíticas.
modalidade_compra,Procedimento de aquisição.,Categórico nominal,Comparação por modalidade.,Não confundir modalidade com natureza administrativa/judicial.,Modalidade da Compra,https://s3.sa-east-1.amazonaws.com/ckan.saude.gov.br/BPS/Metadados_BPS_07_04_2026.pdf | https://www.gov.br/saude/pt-br/acesso-a-informacao/banco-de-precos/publicacoes/dicionario-de-dados-painel-de-precos/@@download/file,"p. 2; Painel, p. 8",Correspondência direta,2026-09-07,Síntese das fontes oficiais; lacunas e associações não confirmadas sinalizadas. Tipos semânticos e usos no dashboard são propostas analíticas.
tipo_compra,Natureza da aquisição; administrativa ou judicial na documentação complementar.,Categórico nominal,Segmentação de compras administrativas e judiciais.,"Os exemplos emergencial/regular dos metadados divergem dos valores observados ADMINISTRATIVA/JUDICIAL. Painel e Boletim sustentam a interpretação administrativa/judicial. Contagens observadas: {""2020"":{""ADMINISTRATIVA"":84819},""2021"":{""ADMINISTRATIVA"":83618,""JUDICIAL"":4},""2022"":{""ADMINISTRATIVA"":88979,""JUDICIAL"":12},""2023"":{""ADMINISTRATIVA"":31466,""JUDICIAL"":526},""2024"":{""ADMINISTRATIVA"":23997,""JUDICIAL"":2261},""2025"":{""ADMINISTRATIVA"":23923,""JUDICIAL"":2292},""2026"":{""ADMINISTRATIVA"":696,""JUDICIAL"":123}}. A divergência documental deve ser confirmada na Sprint 2.",Tipo de Compra; Forma da compra,https://s3.sa-east-1.amazonaws.com/ckan.saude.gov.br/BPS/Metadados_BPS_07_04_2026.pdf | https://www.gov.br/saude/pt-br/acesso-a-informacao/banco-de-precos/publicacoes/dicionario-de-dados-painel-de-precos/@@download/file | https://bvsms.saude.gov.br/bvs/publicacoes/boletim_economia_saude_dez2021.pdf,"Metadados, p. 2; Painel, p. 9; Boletim, p. 4",Descrição complementada; divergência de exemplos documentais,2026-09-07,Síntese das fontes oficiais; lacunas e associações não confirmadas sinalizadas. Tipos semânticos e usos no dashboard são propostas analíticas.
capacidade,Medida numérica da capacidade da apresentação.,Quantitativo: capacidade,Comparabilidade da apresentação adquirida.,Interpretar junto de unidade_medida; ausência não implica capacidade zero.,Capacidade,https://s3.sa-east-1.amazonaws.com/ckan.saude.gov.br/BPS/Metadados_BPS_07_04_2026.pdf,p. 2,Correspondência direta,2026-09-07,Síntese das fontes oficiais; lacunas e associações não confirmadas sinalizadas. Tipos semânticos e usos no dashboard são propostas analíticas.
unidade_medida,Unidade que expressa a capacidade.,Categórico: unidade de medida,Distinguir capacidades em unidades diferentes.,"O rótulo literal unidade_medida não aparece no PDF. Associação semântica provável à segunda ocorrência do rótulo, cuja descrição traz ML, Doses, G, UN. Requer confirmação oficial; não renomear.",Unidade de Fornecimento (segunda ocorrência),https://s3.sa-east-1.amazonaws.com/ckan.saude.gov.br/BPS/Metadados_BPS_07_04_2026.pdf,p. 2,Correspondência semântica provável; rótulo oficial repetido,2026-09-07,Síntese das fontes oficiais; lacunas e associações não confirmadas sinalizadas. Tipos semânticos e usos no dashboard são propostas analíticas.
unidade_fornecimento_capacidade,Sem definição explícita localizada nas fontes consultadas.,Texto: apresentação composta (inferido),"Rótulo detalhado para comparar apresentações, após confirmação.","Inferência a partir do CSV: combina apresentação, capacidade e unidade quando disponíveis. Exemplo observado: FRASCO; 5.0; ML -> FRASCO 5.00 ML. Sem capacidade, pode repetir a apresentação. Não é definição oficial nem regra de construção validada para todos os registros.",Não localizado,https://s3.sa-east-1.amazonaws.com/ckan.saude.gov.br/BPS/Metadados_BPS_07_04_2026.pdf | https://www.gov.br/saude/pt-br/acesso-a-informacao/banco-de-precos/publicacoes/dicionario-de-dados-painel-de-precos/@@download/file,"Metadados, pp. 1–2; painel consultado",Lacuna documental; interpretação observacional,2026-09-07,Síntese das fontes oficiais; lacunas e associações não confirmadas sinalizadas. Tipos semânticos e usos no dashboard são propostas analíticas.
cnpj_fornecedor,Identificação fiscal do vendedor.,Identificador textual: CNPJ,Identificação e concentração de fornecedores.,Preservar o valor textual; não confundir fornecedor com fabricante.,CNPJ Fornecedor,https://s3.sa-east-1.amazonaws.com/ckan.saude.gov.br/BPS/Metadados_BPS_07_04_2026.pdf,p. 2,Correspondência direta,2026-09-07,Síntese das fontes oficiais; lacunas e associações não confirmadas sinalizadas. Tipos semânticos e usos no dashboard são propostas analíticas.
fornecedor,Empresa fornecedora.,Categórico: nome empresarial,Rótulos e filtros de fornecedores.,Analisar junto do CNPJ; nomes não são necessariamente chaves únicas.,Fornecedor,https://s3.sa-east-1.amazonaws.com/ckan.saude.gov.br/BPS/Metadados_BPS_07_04_2026.pdf | https://www.gov.br/saude/pt-br/acesso-a-informacao/banco-de-precos/publicacoes/dicionario-de-dados-painel-de-precos/@@download/file,"p. 2; Painel, p. 8",Correspondência direta,2026-09-07,Síntese das fontes oficiais; lacunas e associações não confirmadas sinalizadas. Tipos semânticos e usos no dashboard são propostas analíticas.
cnpj_fabricante,Identificação fiscal do produtor.,Identificador textual: CNPJ,Identificação de fabricantes.,"Identificador, não medida somável; preservar pontuação e zeros.",CNPJ Fabricante,https://s3.sa-east-1.amazonaws.com/ckan.saude.gov.br/BPS/Metadados_BPS_07_04_2026.pdf,p. 2,Correspondência direta,2026-09-07,Síntese das fontes oficiais; lacunas e associações não confirmadas sinalizadas. Tipos semânticos e usos no dashboard são propostas analíticas.
fabricante,Empresa produtora.,Categórico: nome empresarial,Segmentação por fabricante.,Fabricante e fornecedor podem ser empresas distintas.,Fabricante,https://s3.sa-east-1.amazonaws.com/ckan.saude.gov.br/BPS/Metadados_BPS_07_04_2026.pdf,p. 2,Correspondência direta,2026-09-07,Síntese das fontes oficiais; lacunas e associações não confirmadas sinalizadas. Tipos semânticos e usos no dashboard são propostas analíticas.
qtd_itens_comprados,Volume adquirido do item.,Quantitativo: quantidade,Volume comprado por material e apresentação.,Evitar somar quantidades de unidades heterogêneas; nenhuma agregação das bases nesta etapa.,Qtd Itens Comprados,https://s3.sa-east-1.amazonaws.com/ckan.saude.gov.br/BPS/Metadados_BPS_07_04_2026.pdf,p. 2,Correspondência direta,2026-09-07,Síntese das fontes oficiais; lacunas e associações não confirmadas sinalizadas. Tipos semânticos e usos no dashboard são propostas analíticas.
preco_unitario,Preço negociado por unidade.,Quantitativo monetário: preço unitário,Comparação de preços de itens equivalentes.,"Comparabilidade depende de material, apresentação e período; não é despesa total.",Preço Unitário,https://s3.sa-east-1.amazonaws.com/ckan.saude.gov.br/BPS/Metadados_BPS_07_04_2026.pdf,p. 2,Correspondência direta,2026-09-07,Síntese das fontes oficiais; lacunas e associações não confirmadas sinalizadas. Tipos semânticos e usos no dashboard são propostas analíticas.
preco_total,Valor do item: quantidade vezes preço unitário.,Quantitativo monetário: valor do item,Valor adquirido por item e dimensões de interesse.,Não presumir total de uma licitação inteira. A fórmula documental não foi recalculada nem corrigida nesta etapa.,Preço Total,https://s3.sa-east-1.amazonaws.com/ckan.saude.gov.br/BPS/Metadados_BPS_07_04_2026.pdf,p. 2,Correspondência direta,2026-09-07,Síntese das fontes oficiais; lacunas e associações não confirmadas sinalizadas. Tipos semânticos e usos no dashboard são propostas analíticas.
