ano_compra,nome_instituicao,esfera,cnpj_instituicao,municipio_instituicao,uf,compra,insercao,codigo_br,descricao_catmat,unidade_fornecimento,generico,anvisa,modalidade_compra,tipo_compra,capacidade,unidade_medida,unidade_fornecimento_capacidade,cnpj_fornecedor,fornecedor,cnpj_fabricante,fabricante,qtd_itens_comprados,preco_unitario,preco_total,ano_arquivo,numero_registro_origem
2024,MUNICIPIO DO RIO GRANDE,MUNICIPAL,88.566.872/0001-62,RIO GRANDE,RS,19/01/2024,05/09/2025,268236,"CLORETO DE SÓDIO, PRINCÍPIO ATIVO:0,9%_ SOLUÇÃO INJETÁVEL, APLICAÇÃO:SISTEMA FECHADO",FRASCO,N,1004100980102,Dispensa de Licitação,ADMINISTRATIVA,500.0,ML,FRASCO 500.00 ML,06.294.126/0001-00,RS - PRODUTOS HOSPITALARES LTDA,49.324.221/0001-04,FRESENIUS KABI BRASIL LTDA.,3000,5.48,16440.0,2024,1367
2024,FUNDO MUNICIPAL DE SAUDE DE ESPIGAO DO OESTE (FMS),MUNICIPAL,23.109.604/0001-76,ESPIGAO D'OESTE,RO,19/01/2024,26/11/2025,271950,"FENTANILA, APRESENTAÇÃO:SAL CITRATO, DOSAGEM:0,05 MG/ML, INDICAÇÃO:SOLUÇÃO INJETÁVEL",AMPOLA,S,1134301510020,Pregão,ADMINISTRATIVA,2.0,ML,AMPOLA 2.00 ML,36.629.597/0001-85,SAFRAMED HOSPITALAR LTDA,19.570.720/0001-10,HIPOLABOR FARMACEUTICA LTDA,600,2.17,1302.0,2024,1401
2024,SECRETARIA DE ESTADO DA SAUDE,ESTADUAL,76.416.866/0001-40,CURITIBA,PR,08/04/2024,06/06/2025,449024,"PROBIÓTICO, COMPOSIÇÃO:BACILLUS CEREUS, CONCENTRAÇÃO:5 MILHÕES ENDÓSPOROS/ML, FORMA FARMACÊUTICA:SUSPENSÃO ORAL",FLACONETE,N,1044300090037,Registro de Preços,ADMINISTRATIVA,5.0,ML,FLACONETE 5.00 ML,02.816.696/0001-54,PONTAMED FARMACEUTICA LTDA,92.670.801/0001-82,GEYER MEDICAMENTOS SA,11360,3.48,39532.8,2024,5988
2024,SECRETARIA DE ESTADO DA SAUDE,ESTADUAL,76.416.866/0001-40,CURITIBA,PR,08/04/2024,06/06/2025,272043,"CLONIDINA CLORIDRATO, CONCENTRAÇÃO:0,1 MG",COMPRIMIDO,N,1583200030019,Registro de Preços,ADMINISTRATIVA,,,COMPRIMIDO,04.355.394/0001-51,PROHOSP DISTRIBUIDORA DE MEDICAMENTOS LTDA.,19.501.429/0001-90,MAWDSLEYS PHARMACEUTICALS DO BRASIL LTDA,72440,0.19,13763.6,2024,5991
2024,FUNDO MUNICIPAL DE SAUDE DE ITAPUA DO OESTE - RO,MUNICIPAL,11.264.342/0001-35,ITAPUA DO OESTE,RO,29/04/2024,15/08/2025,268510,"FLUMAZENIL, DOSAGEM:0,1 MG/ML, INDICAÇÃO:SOLUÇÃO INJETÁVEL",AMPOLA,S,1134301960026,Registro de Preços,ADMINISTRATIVA,5.0,ML,AMPOLA 5.00 ML,44.656.846/0001-50,DF MEDICAL LTDA,19.570.720/0001-10,HIPOLABOR FARMACEUTICA LTDA,1000,5.75,5750.0,2024,7397
2024,FUNDO MUNICIPAL DE SAUDE DE ITAPUA DO OESTE - RO,MUNICIPAL,11.264.342/0001-35,ITAPUA DO OESTE,RO,29/04/2024,15/08/2025,268510,"FLUMAZENIL, DOSAGEM:0,1 MG/ML, INDICAÇÃO:SOLUÇÃO INJETÁVEL",AMPOLA,S,1134301960018,Registro de Preços,ADMINISTRATIVA,5.0,ML,AMPOLA 5.00 ML,44.656.846/0001-50,DF MEDICAL LTDA,19.570.720/0001-10,HIPOLABOR FARMACEUTICA LTDA,1000,5.75,5750.0,2024,7414
2024,FUNDO MUNICIPAL DE SAUDE,MUNICIPAL,11.216.262/0001-04,VASSOURAS,RJ,30/04/2024,21/08/2024,337468,"DESLORATADINA, CONCENTRAÇÃO:0,5 MG/ML, FORMA FARMACÊUTICA:XAROPE",FRASCO,S,1058308200176,Dispensa de Licitação,JUDICIAL,100.0,ML,FRASCO 100.00 ML,28.843.779/0001-26,DROGARIA SANTA ALICE DE VASSOURAS LTDA,45.992.062/0001-65,GERMED FARMACEUTICA LTDA,1,13.92,13.92,2024,7463
2024,MUNICIPIO DE JARU,MUNICIPAL,04.279.238/0001-59,JARU,RO,05/07/2024,16/06/2025,268228,"CEFALOTINA SÓDICA, DOSAGEM:1 G, USO:INJETÁVEL",FRASCO-AMPOLA,S,1163701000090,Pregão,ADMINISTRATIVA,,,FRASCO-AMPOLA,35.472.743/0001-49,HEALTH DISTRIBUIDORA DE MEDICAMENTOS LTDA,58.430.828/0001-60,BLAU FARMACEUTICA S.A.,10000,4.2,42000.0,2024,11642
2024,SECRETARIA DE ESTADO DA SAUDE,ESTADUAL,76.416.866/0001-40,CURITIBA,PR,18/07/2024,02/06/2025,449187,"TROMETAMOL, COMPOSIÇÃO:FOSFOMICINA, CONCENTRAÇÃO:3 G, FORMA FARMACÊUTICA:GRANULADO",ENVELOPE,N,1011806180014,Registro de Preços,JUDICIAL,,,ENVELOPE,13.485.130/0001-03,PHARMA LOG PRODUTOS FARMACEUTICOS LTDA,62.462.015/0001-29,APSEN FARMACEUTICA S/A,72,22.95,1652.4,2024,12977
2024,SECRETARIA DE ESTADO DA SAUDE,ESTADUAL,76.416.866/0001-40,CURITIBA,PR,22/07/2024,27/05/2025,272045,"CLOPIDOGREL, DOSAGEM:75 MG",COMPRIMIDO,S,1553700570037,Registro de Preços,ADMINISTRATIVA,,,COMPRIMIDO,64.171.697/0004-99,ACCORD FARMACEUTICA LTDA,64.171.697/0001-46,ACCORD FARMACEUTICA LTDA,5332610,0.16,853217.6,2024,13338
2024,SECRETARIA DE ESTADO DA SAUDE,ESTADUAL,76.416.866/0001-40,CURITIBA,PR,22/07/2024,26/05/2025,273314,"CIANOCOBALAMINA, DOSAGEM:2,5MG/ML, INDICAÇÃO:INJETÁVEL",AMPOLA,N,1640000070028,Registro de Preços,ADMINISTRATIVA,2.0,ML,AMPOLA 2.00 ML,00.656.468/0001-39,SOMA/PR COMERCIO DE PRODUTOS HOSPITALARES LTDA,05.155.425/0001-93,VASCONCELOS INDUSTRIA FARMACEUTICA E COMERCIO LTDA,400,5.89,2356.0,2024,13439
2024,SECRETARIA DE ESTADO DA SAUDE,ESTADUAL,76.416.866/0001-40,CURITIBA,PR,23/07/2024,06/06/2025,432449,"METFORMINA CLORIDRATO, COMPOSIÇÃO:ASSOCIADA COM LINAGLIPTINA, CONCENTRAÇÃO:1000 MG + 2,5 MG",COMPRIMIDO,N,1003302180052,Registro de Preços,JUDICIAL,,,COMPRIMIDO,05.782.733/0003-00,CIAMED - DISTRIBUIDORA DE MEDICAMENTOS LTDA.,61.230.314/0001-75,LIBBS FARMACEUTICA LTDA,18720,2.42,45302.4,2024,13556
2024,SECRETARIA DE ESTADO DA SAUDE,ESTADUAL,76.416.866/0001-40,CURITIBA,PR,23/07/2024,06/06/2025,432741,"HIALURONATO DE SÓDIO, QUANTIDADE MOTORES:0,15 %, FORMA FARMACêUTICA:SOLUÇÃO OFTÁLMICA",FRASCO,N,1542303260011,Registro de Preços,JUDICIAL,10.0,ML,FRASCO 10.00 ML,00.802.002/0001-02,ALTERMED MATERIAL MEDICO HOSPITALAR LTDA,03.485.572/0001-04,GEOLAB INDUSTRIA FARMACEUTICA S/A,432,32.57,14070.24,2024,13560
2024,SECRETARIA DE ESTADO DA SAUDE,ESTADUAL,76.416.866/0001-40,CURITIBA,PR,23/07/2024,06/06/2025,432367,"HIALURONATO DE SÓDIO, QUANTIDADE MOTORES:2 MG/ML, FORMA FARMACêUTICA:SOLUÇÃO OFTÁLMICA",FRASCO,N,1029805290048,Registro de Preços,JUDICIAL,10.0,ML,FRASCO 10.00 ML,44.734.671/0022-86,CRISTALIA PRODUTOS QUIMICOS FARMACEUTICOS LTDA,44.734.671/0001-51,CRISTALIA PRODUTOS QUIMICOS FARMACEUTICOS LTDA,216,48.27,10426.32,2024,13564
2024,SECRETARIA DE ESTADO DA SAUDE,ESTADUAL,76.416.866/0001-40,CURITIBA,PR,23/07/2024,06/06/2025,432449,"METFORMINA CLORIDRATO, COMPOSIÇÃO:ASSOCIADA COM LINAGLIPTINA, CONCENTRAÇÃO:1000 MG + 2,5 MG",COMPRIMIDO,N,1003302180052,Registro de Preços,JUDICIAL,,,COMPRIMIDO,05.782.733/0003-00,CIAMED - DISTRIBUIDORA DE MEDICAMENTOS LTDA.,61.230.314/0001-75,LIBBS FARMACEUTICA LTDA,47520,2.42,114998.4,2024,13568
2024,MUNICIPIO DE ITAI,MUNICIPAL,46.634.200/0001-05,ITAI,SP,31/07/2024,06/06/2025,436612,"ESCITALOPRAM OXALATO, CONCENTRAÇÃO:20 MG/ML, FORMA FARMACEUTICA:SOLUÇÃO ORAL - GOTAS",FRASCO,N,1057303790112,Pregão,ADMINISTRATIVA,15.0,ML,FRASCO 15.00 ML,67.729.178/0004-91,COMERCIAL CIRURGICA RIOCLARENSE LTDA,60.659.463/0029-92,ACHE LABORATORIOS FARMACEUTICOS SA,3000,12.0,36000.0,2024,14582
2025,MUNICIPIO DO RIO GRANDE,MUNICIPAL,88.566.872/0001-62,RIO GRANDE,RS,09/10/2025,29/12/2025,240954,"ESPÁTULA ODONTOLÓGICA, MATERIAL:AÇO INOXIDÁVEL, MODELO:COMUM, TAMANHO:Nº 36, TIPO USO:MANIPULAÇÃO",UNIDADE,,,Dispensa de Licitação,ADMINISTRATIVA,,,UNIDADE,35.215.257/0001-45,DENTAL PREMIUM LTDA,07.204.369/0001-65,ANA SILVIA ALVES MARTINS FALEIROS DE ANDRADE,10,8.44,84.4,2025,22953
2026,FUNDO MUNICIPAL DE SAUDE DE FARO,MUNICIPAL,12.403.819/0001-89,FARO,PA,26/01/2026,27/02/2026,269891,"LUVA PARA PROCEDIMENTO NÃO CIRÚRGICO, MATERIAL:LÁTEX NATURAL ÍNTEGRO E UNIFORME, TAMANHO:EXTRAPEQUENO, CARACTERÍSTICAS ADICIONAIS:LUBRIFICADA COM PÓ BIOABSORVÍVEL, DESCARTÁVEL, APRESENTAÇÃO:ATÓXICA, TIPO:AMBIDESTRA, TIPO USO:DESCARTÁVEL, MODELO:FORMATO ANATÔMICO, FINALIDADE:RESISTENTE À TRAÇÃO",CAIXA,,,Registro de Preços,ADMINISTRATIVA,100.0,UN,CAIXA 100.00 UN,16.647.278/0001-95,PARAMED DISTRIBUIDORA DE MEDICAMENTOS LTDA,43.945.150/0001-80,"ABL INDUSTRIA, COMERCIO ATACADISTA, IMPORTACAO E EXPORTACAO LTDA",30,7.0,210.0,2026,434
2026,FUNDO MUNICIPAL DE SAUDE DE FARO,MUNICIPAL,12.403.819/0001-89,FARO,PA,26/01/2026,27/02/2026,437174,"CATETER PERIFÉRICO, APLICAÇÃO:VENOSO, MODELO:TIPO ESCALPE, MATERIAL AGULHA:AGULHA AÇO INOX, DIAMETRO:23 GAU, COMPONENTE ADICIONAL:C/ ASA DE FIXAÇÃO, TUBO EXTENSOR, CONECTOR:CONECTOR PADRÃO C/ TAMPA, COMPONENTE 1:C/ ADAPTADOR COLETA À VÁCUO, COMPONENTE 2:C/ SISTEMA SEGURANÇA SEGUNDO NR/32, TIPO USO:ESTÉRIL, DESCARTÁVEL, EMBALAGEM INDIVIDUAL",UNIDADE,,,Registro de Preços,ADMINISTRATIVA,,,UNIDADE,16.647.278/0001-95,PARAMED DISTRIBUIDORA DE MEDICAMENTOS LTDA,61.418.042/0001-31,CIRURGICA FERNANDES - COMERCIO DE MATERIAIS CIRURGICOS E HOSPITALARES - SOCIEDADE LIMITADA,10,10.0,100.0,2026,436
